# Energy(J),Fluence(-)
6.600000000000000311e-02,0.000000000000000000e+00
1.600000000000000033e-01,0.000000000000000000e+00
2.550000000000000044e-01,1.055809096464541992e+12
3.495099999999999874e-01,2.416132508631541016e+12
4.440000000000000058e-01,1.518146684747925293e+12
5.377100000000000213e-01,6.781636576243375977e+12
6.360000000000000098e-01,1.275655195675826172e+13
8.229999999999999538e-01,6.448815920855740625e+13
1.002999999999999892e+00,2.390496154234862188e+14
